sv,mean,median,se
SV0,1.7083333333333335,1,0.20393916635820405
SV1,3.8333333333333335,4,0.23052135826937495
SV2,2.3333333333333335,2,0.2305213582693749
SV3,4,4,0.24077170617153842
