sv,mean,median,se
SV0,1.8333333333333335,1,0.23052135826937495
SV1,3.7916666666666665,4,0.2329642526122175
SV2,2.25,2,0.2018932132718121
SV3,4.041666666666667,4,0.2290431155749296
